Prine;Charles;charles.prine@gmail.com;2a796c0f670c0354480e8eaf10440edeb55cd8fe0534e0785bb35c652b0984fc;1999-09-10;L2-MI;B2;5ea9a9ec2585b;http://correc.alwaysdata.net/files/charles.prine@gmail.com.png;
Barrier;Luis;luis.barrier@gmail.com;48facf7ecd561792466276db9435a2a5ca64cb5cdb41ff760ee8306974ecc73b;1997-06-13;L1-MIPI;A2;5ea9aa04da24a;http://correc.alwaysdata.net/files/luis.barrier@gmail.com.png;
Chaplin;Chrisitina;chrisitina.chaplin@gmail.com;145140c6d532f240d4a949af69815240c7f0a14ed7a3254370048e71b06b70bd;1999-06-21;L2-MI;B1;5ea9aa04da9fd;http://correc.alwaysdata.net/files/chrisitina.chaplin@gmail.com.png;
Faure;Sophie;sophie.faure@gmail.com;3db3002b301dead2a778a7816c882798f7e37271ff721fc823190b7e80c9390b;1998-04-14;LP-RS;C2;5ea9aa04dade3;http://correc.alwaysdata.net/files/sophie.faure@gmail.com.png;
Bourvil;Serge;serge.bourvil@gmail.com;4d7486364e54d79cb51f4c52a338e0cb9226ade8dcf3f9516055f0de1313a0f4;1995-07-08;L2-MI;B1;5ea9aa04db1c9;http://correc.alwaysdata.net/files/serge.bourvil@gmail.com.png;
Calvet;Elene;elene.calvet@gmail.com;70b3b33c030c81d76ed18eae6d8d5758e6d24a529ae08932633dfdbe2be2998f;1999-03-26;L1-MIPI;A1;5ea9aa04db5ae;http://correc.alwaysdata.net/files/elene.calvet@gmail.com.png;
Lee;Nathan;nathan.lee@gmail.com;b8f23a5582b2adc73d0b06eda7a48984b805077b6eaab3dca0c15de4bd783ee3;1997-12-03;LP-RS;C2;5ea9aa04dbd78;http://correc.alwaysdata.net/files/nathan.lee@gmail.com.png;
Whittingham;Martine;martine.whittingham@gmail.com;06b64b09c7e4fffbe1b0fe46b8232873aba2377b01466a24500b62a3196ea825;1997-11-16;L1-MIPI;A2;5ea9aa04dc15d;http://correc.alwaysdata.net/files/martine.whittingham@gmail.com.png;
Deschanel;Martine;martine.deschanel@gmail.com;0a80dd736ea9366bf3fd8faf62f894bf4ca1438360ec91a663888bdac5486dec;2001-06-04;L1-MIPI;A2;5ea9aa04dc543;http://correc.alwaysdata.net/files/martine.deschanel@gmail.com.png;
Barrier;Diana;diana.barrier@gmail.com;eb33c4788ba84105d4564ab36294956d1f06709efdf4f2c2f7a0a9c268552679;1999-12-10;LP-RS;C1;5ea9aa04dc932;http://correc.alwaysdata.net/files/diana.barrier@gmail.com.png;
Drucker;Martin;martin.drucker@gmail.com;aedf2f3bfd659db7ec824fde88062284764eebea109af87ddd65339f2374f78a;2001-07-08;L2-MI;B2;5ea9aa04dcd0e;http://correc.alwaysdata.net/files/martin.drucker@gmail.com.png;
Bourvil;Maurice;maurice.bourvil@gmail.com;d653bf7f30a6b81d10511b6b22a1fba308fa18f66d3e8bf95358b2d995b5c096;1997-09-05;LP-RS;C2;5ea9aa04dd0f3;http://correc.alwaysdata.net/files/maurice.bourvil@gmail.com.png;
Raetz;Philippe;philippe.raetz@gmail.com;94286400b84b6e3e5c21c8db1780859655e4c2ef05a34a4029862d17c426ed46;1995-03-23;LPI-RIWS;D1;5ea9aa04dd4d8;http://correc.alwaysdata.net/files/philippe.raetz@gmail.com.png;
Brassens;Merle;merle.brassens@gmail.com;82ee8e326f956aa8d79ba14b9f84993d11028a2696c98d3144dd3362f8dc1cc8;1998-04-08;LP-RS;C1;5ea9aa04dd8bd;http://correc.alwaysdata.net/files/merle.brassens@gmail.com.png;
Grevy;Jhon;jhon.grevy@gmail.com;25876f6b18bc3beb8b25ec43f7d247a6bac290eb8dc01427553fb1536b3c7465;1996-04-22;LP-RS;C1;5ea9aa04de088;http://correc.alwaysdata.net/files/jhon.grevy@gmail.com.png;
Bourvil;Ellis;ellis.bourvil@gmail.com;50989515c056f440399df901aeb5f3c963a510113596bb363b7133f9a9c76924;2002-02-22;L2-MI;B1;5ea9aa04de46d;http://correc.alwaysdata.net/files/ellis.bourvil@gmail.com.png;
Gaillard;Serge;serge.gaillard@gmail.com;453502a1abc7b547e597c29ce3c39dcdeddbf8a23961433d543038febea445d1;1998-11-08;L1-MIPI;A2;5ea9aa04de853;http://correc.alwaysdata.net/files/serge.gaillard@gmail.com.png;
Calvet;Bob;bob.calvet@gmail.com;d37faef2238ebac1f1cbb55db825ba93e2d48e27fef0ccd5f8124e30b5ade56d;1996-12-28;LP-RS;C2;5ea9aa04dec38;http://correc.alwaysdata.net/files/bob.calvet@gmail.com.png;
Giscard d'Estaing;Damien;damien.giscard d'estaing@gmail.com;c2a2a56136af2810fd0e4c3be2be062446f623869a0a9af37177b47d7bb95acc;1999-12-12;L1-MIPI;A2;5ea9aa04df01e;http://correc.alwaysdata.net/files/damien.giscard d'estaing@gmail.com.png;
Moss;Jacque;jacque.moss@gmail.com;840c9ab5efbb8faa6293d861cd5931a9eab660f47fdf1565d2ddc9c8fa398db1;1997-01-14;LPI-RIWS;D2;5ea9aa04df402;http://correc.alwaysdata.net/files/jacque.moss@gmail.com.png;
Raetz;Sophie;sophie.raetz@gmail.com;83fb2c4e884787fd0803714cdeefba21a7bbd320885128ef22a1a444c7813c70;2000-07-28;LPI-RIWS;D2;5ea9aa04df7e8;http://correc.alwaysdata.net/files/sophie.raetz@gmail.com.png;
Garcin;Luis;luis.garcin@gmail.com;cf72778fce3f9fc3d3c4acb1cf23c4bf99ae7b249ff9c83f329a13efedb6395f;1995-10-10;L2-MI;B2;5ea9aa04dffb2;http://correc.alwaysdata.net/files/luis.garcin@gmail.com.png;
Marsalis;Robert;robert.marsalis@gmail.com;b6c16d007b9b53489c07090613f3f010268af127a953a7efc624af54a5be7390;2000-01-30;L2-MI;B1;5ea9aa04e0398;http://correc.alwaysdata.net/files/robert.marsalis@gmail.com.png;
Stalter;Florian;florian.stalter@gmail.com;efebc856406c37f6af5244519e8fd3d88f4c3e5a8482a3aa848d0a0ed257bd25;1997-06-06;L1-MIPI;A1;5ea9aa04e077d;http://correc.alwaysdata.net/files/florian.stalter@gmail.com.png;
Auriol;Robin;robin.auriol@gmail.com;98b40c7362323e4318bef21d7911ab96e75c80c7fc2322f6171cb6120fdd20ab;1998-10-28;L2-MI;B2;5ea9aa04e0b68;http://correc.alwaysdata.net/files/robin.auriol@gmail.com.png;
Drucker;Francois;francois.drucker@gmail.com;c069205e307ec10b98354dc60b9688a3af91db6c82361dfd954609e95357c6f0;1999-06-23;L1-MIPI;A2;5ea9aa04e132e;http://correc.alwaysdata.net/files/francois.drucker@gmail.com.png;
Haddad;Jacqueline;jacqueline.haddad@gmail.com;450bd6ead3253f75c65167f0dceb0c8431383dd3be7888680ee62dd33e501c90;1998-01-22;LPI-RIWS;D1;5ea9aa04e1713;http://correc.alwaysdata.net/files/jacqueline.haddad@gmail.com.png;
Whittingham;Victor;victor.whittingham@gmail.com;da2c1e0e66e04fc64027a69a269ede0922e5d13bc423a97263c08edc8bac09d8;1999-11-18;L1-MIPI;A1;5ea9aa04e1af8;http://correc.alwaysdata.net/files/victor.whittingham@gmail.com.png;
Hollande;Ellis;ellis.hollande@gmail.com;2fbb72dce7152631e6275d9026282af2002963878f56613932ef1c82d0b782f6;1995-04-01;LP-RS;C1;5ea9aa04e22c3;http://correc.alwaysdata.net/files/ellis.hollande@gmail.com.png;
Poincare;Delphine;delphine.poincare@gmail.com;e468b238310075786bc66e8366520c845fc6d51e6eb705f713be927cdc6760cd;2003-05-28;LP-RS;C2;5ea9aa04e26a9;http://correc.alwaysdata.net/files/delphine.poincare@gmail.com.png;
Giscard d'Estaing;Georges;georges.giscard d'estaing@gmail.com;e9175fd3500aea8ceaae486dc2a6f6669536453397f2ded5e9871c3f8181a9f2;2003-02-21;LP-RS;C1;5ea9aa04e2a8e;http://correc.alwaysdata.net/files/georges.giscard d'estaing@gmail.com.png;
Millerand;Sophie;sophie.millerand@gmail.com;576b4798e1907b12861a7e99ef52bf0526fb6599b6751ad3f1d604d74e3b6559;2001-03-12;L2-MI;B1;5ea9aa04e2e74;http://correc.alwaysdata.net/files/sophie.millerand@gmail.com.png;
Meyer;Jose;jose.meyer@gmail.com;43bafe9fb5f5ae6cc9f22099bc2ba89a31ebf1a3b73bb451650f14ea1bb199b6;1996-03-17;L1-MIPI;A1;5ea9aa04e363d;http://correc.alwaysdata.net/files/jose.meyer@gmail.com.png;
Carnot;Diana;diana.carnot@gmail.com;b5e41c55b7b85b59fc466dbcaa87d4a7da8ffdb595b5547fcb139b81965edcbd;2002-11-17;LP-RS;C2;5ea9aa04e3a23;http://correc.alwaysdata.net/files/diana.carnot@gmail.com.png;
Millerand;Christine;christine.millerand@gmail.com;9a323e575bde92abc5bff998a53b2da799a41be7c12ad2300aa9c52abcf3f8d5;2000-05-26;L2-MI;B2;5ea9aa04e41ed;http://correc.alwaysdata.net/files/christine.millerand@gmail.com.png;
Chirac;Jacqueline;jacqueline.chirac@gmail.com;dbe7dd56179779324813aaeb8ac64eb6bd0c14ba529ce8b61b82bf163ba057a9;1999-07-23;L1-MIPI;A1;5ea9aa04e45d2;http://correc.alwaysdata.net/files/jacqueline.chirac@gmail.com.png;
Lee;Guy;guy.lee@gmail.com;e26a38fb7aae5e719e9e6a1bf85909c77bc71225db11624edc91843059ae173f;2000-03-14;LP-RS;C1;5ea9aa04e49b8;http://correc.alwaysdata.net/files/guy.lee@gmail.com.png;
Deschanel;Thibault;thibault.deschanel@gmail.com;643a456ba94b4c18b6b0624ac6be49193bcd2c8b29240130b80e904f5e96954e;1996-04-15;LP-RS;C2;5ea9aa04e4d9d;http://correc.alwaysdata.net/files/thibault.deschanel@gmail.com.png;
Faure;Jean;jean.faure@gmail.com;1e6c66a8dd90797824ca2471a50e65bc33ff83e6be9311c551fcfb2f0d1f7a8a;1998-12-03;L1-MIPI;A2;5ea9aa04e5568;http://correc.alwaysdata.net/files/jean.faure@gmail.com.png;
Sarkozy;Jean;jean.sarkozy@gmail.com;e00c534bcb763b8394d7d0ab4102e6b4b00757f54ddad393b9aa2422641ca288;1995-03-26;L1-MIPI;A2;5ea9aa04e594e;http://correc.alwaysdata.net/files/jean.sarkozy@gmail.com.png;
Williams;Valerie;valerie.williams@gmail.com;59299d1cab6a72ab87ecb6f934db0e6237c39f699711d2bda23d149426a8cbc4;1995-01-10;L2-MI;B2;5ea9aa04e5d33;http://correc.alwaysdata.net/files/valerie.williams@gmail.com.png;
Stalter;Diana;diana.stalter@gmail.com;9310e1352cfce4cae3e58a6b24160a24b13b91aa8a715058325a7dc16b58f938;1997-07-19;L2-MI;B1;5ea9aa04e6502;http://correc.alwaysdata.net/files/diana.stalter@gmail.com.png;
Brassens;Nour;nour.brassens@gmail.com;191d0d7416dd5e27be04f27f3f4191912c16733f61ca991b0e72e5c01c43404a;1996-11-19;LPI-RIWS;D1;5ea9aa04e68e3;http://correc.alwaysdata.net/files/nour.brassens@gmail.com.png;
Loubet;Bob;bob.loubet@gmail.com;6eb274d2a83389ea8202ee2591d259aa06d002b55465b48d58d7ef35ab60ad1a;1995-10-19;LPI-RIWS;D2;5ea9aa04e70ad;http://correc.alwaysdata.net/files/bob.loubet@gmail.com.png;
Sepulveda;Thibault;thibault.sepulveda@gmail.com;1867dd3a34514fe841a0d24106ec2c08f7b7ef904709308e7bd614a5b427bf21;1995-01-11;LP-RS;C1;5ea9aa04e7493;http://correc.alwaysdata.net/files/thibault.sepulveda@gmail.com.png;
Grevy;Killian;killian.grevy@gmail.com;95344491e53fe2d66eb7e8720e84a80fbbb3e3f992b3734436bb94a56f45358d;1998-12-23;LPI-RIWS;D1;5ea9aa04e7878;http://correc.alwaysdata.net/files/killian.grevy@gmail.com.png;
Marsalis;Killian;killian.marsalis@gmail.com;274e9eb8f47979d608a2179ecef9b0f3d8107faa800db2f15857a6747599350a;2002-11-22;LPI-RIWS;D1;5ea9aa04e8043;http://correc.alwaysdata.net/files/killian.marsalis@gmail.com.png;
Hugo;Maurice;maurice.hugo@gmail.com;53b2f87312175ebebd21a91530b5244fc9cdbc746ac93e209ba5458ef2157046;1997-08-24;L2-MI;B2;5ea9aa04e8428;http://correc.alwaysdata.net/files/maurice.hugo@gmail.com.png;
Garcin;Joel;joel.garcin@gmail.com;a00abf572c51ff27db03c38811b26a1ee4d2d08b418dfe21c4c6042b136b9829;2001-09-01;LPI-RIWS;D2;5ea9aa04e880d;http://correc.alwaysdata.net/files/joel.garcin@gmail.com.png;
Casimir-Perier;Marie;marie.casimir-perier@gmail.com;10e2b1eb7f9ceacecbe7635bef90ba98bd4825abcb85cad19718e3669e7fe7c1;1996-07-05;L1-MIPI;A1;5ea9aa04e8fe0;http://correc.alwaysdata.net/files/marie.casimir-perier@gmail.com.png;
Lebrun;Gilbert;gilbert.lebrun@gmail.com;22f1a2ce7c81215db2d2cab0899f98d004e1acc8ab16ae1b010d835dc4ceb9a2;1996-06-24;LP-RS;C1;5ea9aa04e93be;http://correc.alwaysdata.net/files/gilbert.lebrun@gmail.com.png;
Grevy;Joseph;joseph.grevy@gmail.com;eb5ca5c32e5c578f2d7aaa93328876c86a4edb7cb6cac1b1fa3e735d08d44824;1996-06-25;LPI-RIWS;D2;5ea9aa04e97a2;http://correc.alwaysdata.net/files/joseph.grevy@gmail.com.png;
Williams;Elene;elene.williams@gmail.com;0511a3266f7a07572782cbea2973822d38847607b5eb2249e0d33261301002d5;2000-05-08;LPI-RIWS;D1;5ea9aa04e9b88;http://correc.alwaysdata.net/files/elene.williams@gmail.com.png;
Brassens;Robert;robert.brassens@gmail.com;86d784e0d6fe2e2652468d1ae95f8acb63b4ea455f802963c1675c7f745950a3;2001-11-16;L1-MIPI;A2;5ea9aa04ea353;http://correc.alwaysdata.net/files/robert.brassens@gmail.com.png;
Macron;Charles;charles.macron@gmail.com;2415a27a337def2e37afb7e55989a8336214bb2b283aa8ae08ca5e3a8f75f6cf;1996-03-21;LP-RS;C1;5ea9aa04ea738;http://correc.alwaysdata.net/files/charles.macron@gmail.com.png;
Giscard d'Estaing;Christophe;christophe.giscard d'estaing@gmail.com;ce37d76b43b5d1ae1e267a456aab2f17e64d927542fc39e31ebf1a8e29f2077e;1997-05-17;L1-MIPI;A1;5ea9aa04eab1d;http://correc.alwaysdata.net/files/christophe.giscard d'estaing@gmail.com.png;
Millerand;Jacque;jacque.millerand@gmail.com;64fd30e35f9c35f3f10b123b465cec9a983fe79587b89c718feed726e9700cc7;2002-02-26;L1-MIPI;A1;5ea9aa04eaf02;http://correc.alwaysdata.net/files/jacque.millerand@gmail.com.png;
Drucker;Emmanuel;emmanuel.drucker@gmail.com;1d0e4a3f2925c8d52882b53de99ef62bd28d9934780660421a80024422feb370;2000-05-14;L2-MI;B2;5ea9aa04eb2e8;http://correc.alwaysdata.net/files/emmanuel.drucker@gmail.com.png;
Stalter;Killian;killian.stalter@gmail.com;1c4cf732902ab19b88ea009a07c193252703b9a23c7d2f2798cd7ccea2eed06d;2001-12-11;L1-MIPI;A2;5ea9aa04eb6cd;http://correc.alwaysdata.net/files/killian.stalter@gmail.com.png;
Calvet;Thibault;thibault.calvet@gmail.com;a1e5feacfebc0fa6d372b9ef2d1ee43bea8ae1a736e915c2d6fe2dbc068193b3;2000-11-21;LPI-RIWS;D1;5ea9aa04ebe98;http://correc.alwaysdata.net/files/thibault.calvet@gmail.com.png;
Brassens;Jacqueline;jacqueline.brassens@gmail.com;e1926c4ece0ce0fe672b088d081858c0ff4d14b77d19e74b0b4cf0c8d91ac99a;1995-06-07;LPI-RIWS;D1;5ea9aa04ebe98;http://correc.alwaysdata.net/files/jacqueline.brassens@gmail.com.png;
Faure;Luis;luis.faure@gmail.com;3b747666dfc88aeed5aad7fc209022f3364ca8c506fa08a088176162845731f3;1997-08-01;L2-MI;B2;5ea9aa04ec663;http://correc.alwaysdata.net/files/luis.faure@gmail.com.png;
Mitterrand;Eden;eden.mitterrand@gmail.com;c8c7958a1ebdc504f086ec496a2e891183a5ad22293e508d2542f28880af5ba8;2003-01-23;LP-RS;C2;5ea9aa04eca48;http://correc.alwaysdata.net/files/eden.mitterrand@gmail.com.png;
Grevy;Killian;killian.grevy@gmail.com;903866fc2c00104dd4b5962c80bc9212da3e9f9e48d535b510dc319e5de012b5;2000-11-20;LPI-RIWS;D2;5ea9aa04ece2d;http://correc.alwaysdata.net/files/killian.grevy@gmail.com.png;
Chirac;Peter;peter.chirac@gmail.com;7048f8d056afdceca39c05afdd00354cdc33a4d63c3514dd036b422b142e0349;1995-07-05;L2-MI;B1;5ea9aa04ed212;http://correc.alwaysdata.net/files/peter.chirac@gmail.com.png;
Garcin;Jacqueline;jacqueline.garcin@gmail.com;0be25929570b9db65013c67dc2d6a5da6f0889edf3f1abb1ea080ebce25ca5d3;2002-04-15;L2-MI;B2;5ea9aa04ed5f8;http://correc.alwaysdata.net/files/jacqueline.garcin@gmail.com.png;
Portal;Paul;paul.portal@gmail.com;4bbe330fbf6e648c307ad46142a83defb26027a2d67333caca3b4b6d85dcd35d;2002-04-10;L2-MI;B2;5ea9aa04ed9dd;http://correc.alwaysdata.net/files/paul.portal@gmail.com.png;
Haddad;Damien;damien.haddad@gmail.com;09c3a21cd785ee26abb67c65dbb7adcc8103b60e5992ae9b3c374d6a48c980eb;2003-06-05;L1-MIPI;A2;5ea9aa04eddc3;http://correc.alwaysdata.net/files/damien.haddad@gmail.com.png;
Poincare;Charles;charles.poincare@gmail.com;954196a9014801ee06883ba69e06c94d044f9af3384a0ab9f37e7bc50410ea2f;2003-05-03;LP-RS;C2;5ea9aa04ee1a9;http://correc.alwaysdata.net/files/charles.poincare@gmail.com.png;
Loubet;Robert;robert.loubet@gmail.com;334f2edb8b78e892a9e2975b76ecbb6d2b432deffc380bad38e357a7d8e51b52;2000-01-23;LPI-RIWS;D1;5ea9aa04ee58d;http://correc.alwaysdata.net/files/robert.loubet@gmail.com.png;
Barrier;Nathan;nathan.barrier@gmail.com;2fbf57899b59ba8a9000503581adc10c4efa4cdea605bfa09956ad94fe05a66c;1996-08-12;LP-RS;C2;5ea9aa04ee973;http://correc.alwaysdata.net/files/nathan.barrier@gmail.com.png;
Gainsbourg;Hans;hans.gainsbourg@gmail.com;905c58a9e09f318f0156b5461e7573ceccdb607473ff86bfe8bdc502f6ea35c1;1999-03-30;L2-MI;B2;5ea9aa04eed58;http://correc.alwaysdata.net/files/hans.gainsbourg@gmail.com.png;
Hallyday;Patrick;patrick.hallyday@gmail.com;802ef5779dad3f12cdb7f436fa05d7f7b1e864c1f80604c00b328b282cf44dc0;1998-01-27;LP-RS;C2;5ea9aa04ef13d;http://correc.alwaysdata.net/files/patrick.hallyday@gmail.com.png;
Bazin;Jhon;jhon.bazin@gmail.com;276d26d5ac16a581d976130724bdac4ccc8fdd8918a1433814fb59bf73384439;2002-06-26;L1-MIPI;A1;5ea9aa04ef523;http://correc.alwaysdata.net/files/jhon.bazin@gmail.com.png;
Prine;Guy;guy.prine@gmail.com;dc8c3f30075c9ad7d146ce360679502fb4b8bdd4e390a366d35a1431722fff82;2003-03-19;L1-MIPI;A1;5ea9aa04efcf6;http://correc.alwaysdata.net/files/guy.prine@gmail.com.png;
Giscard d'Estaing;Chrisitina;chrisitina.giscard d'estaing@gmail.com;44d3362e937bcb80792cc0f322f74898be17401c753866674de6c6ee0a09837e;2003-02-01;L1-MIPI;A1;5ea9aa04f00d2;http://correc.alwaysdata.net/files/chrisitina.giscard d'estaing@gmail.com.png;
Lebrun;Joel;joel.lebrun@gmail.com;5768a96262a757d549cf8baab4af2c7fc216537402ba4ae472d85721c2e935c6;2003-11-22;L1-MIPI;A2;5ea9aa04f04b8;http://correc.alwaysdata.net/files/joel.lebrun@gmail.com.png;
Sepulveda;Florian;florian.sepulveda@gmail.com;093b6039d1679132729987e35e9e8775f20890318b85fe7c61dc9ac0be145672;1996-11-23;LPI-RIWS;D2;5ea9aa04f089d;http://correc.alwaysdata.net/files/florian.sepulveda@gmail.com.png;
Mitterrand;Martin;martin.mitterrand@gmail.com;c3085f4e09196627fc299875a7d0cb4dbd40c06ec53f7ffe0bf98e381b3fbc63;1995-07-15;LPI-RIWS;D2;5ea9aa04f0c83;http://correc.alwaysdata.net/files/martin.mitterrand@gmail.com.png;
Stalter;Quentin;quentin.stalter@gmail.com;64fb3d4e7db0b571b3dc9c8b55ab7bfcd2c26dd7c5442de74c8b4b6f2e205c75;1999-10-19;L2-MI;B2;5ea9aa04f1068;http://correc.alwaysdata.net/files/quentin.stalter@gmail.com.png;
Calvet;Tiara;tiara.calvet@gmail.com;440c8197b5fbf32128f1b3401be699fbc1b49ee6a879bb0bba528a7313d281f8;2000-02-28;LPI-RIWS;D1;5ea9aa04f144d;http://correc.alwaysdata.net/files/tiara.calvet@gmail.com.png;
Calvet;Jean;jean.calvet@gmail.com;0511fc7c8849b66e5fa1c4445af4bc68b7c35f8b9ba56e6729080d308c6b47e0;2003-06-27;L1-MIPI;A2;5ea9aa04f1832;http://correc.alwaysdata.net/files/jean.calvet@gmail.com.png;
Barrier;Marie;marie.barrier@gmail.com;8bcf2242ff57a42920b11de8aa247005cd05628b37a9adeead8d04f60d9013aa;2000-08-12;L1-MIPI;A1;5ea9aa04f1c18;http://correc.alwaysdata.net/files/marie.barrier@gmail.com.png;
Hallyday;Florian;florian.hallyday@gmail.com;f81ea47e1da2a1e23775fa2d3fd7cf10990aa9b1e10e52083e55631698f754a3;1999-04-29;L2-MI;B2;5ea9aa04f1ffe;http://correc.alwaysdata.net/files/florian.hallyday@gmail.com.png;
Prine;Louis;louis.prine@gmail.com;d9ca44ed4c144f1f6c8087019a0ab3cfd586524b3c08d5ddc096d516323b67cb;2000-06-27;L1-MIPI;A2;5ea9aa04f23e3;http://correc.alwaysdata.net/files/louis.prine@gmail.com.png;
Thiers;Jean-Francois;jean-francois.thiers@gmail.com;11d1aa29681e57460d553e857d6a7dc4aa46e0a2af5df55751836c4d7925a3af;2002-03-28;L1-MIPI;A1;5ea9aa04f27c8;http://correc.alwaysdata.net/files/jean-francois.thiers@gmail.com.png;
Prine;Robert;robert.prine@gmail.com;f7605355e6812771e22372df98bd491c7bbdae1fb809cc4281288330003642a5;2000-09-19;LP-RS;C1;5ea9aa04f2f93;http://correc.alwaysdata.net/files/robert.prine@gmail.com.png;
Prine;Theophane;theophane.prine@gmail.com;b049d6d6ca066d3b0f9b43a5a69127c0d910bd08913db849f91de07e7ab55ed5;1995-01-28;LP-RS;C1;5ea9aa04f3378;http://correc.alwaysdata.net/files/theophane.prine@gmail.com.png;
Stalter;Pablo;pablo.stalter@gmail.com;16c2d6106cd4dbd8564dc1b1fd1f2b3f4adb87a626466f188e5c4ae570cee03d;2003-12-22;LP-RS;C2;5ea9aa04f375d;http://correc.alwaysdata.net/files/pablo.stalter@gmail.com.png;
Haddad;Christopher;christopher.haddad@gmail.com;6ffe3630c634dee201cd463180d90b8d1a74d792050818cf61a1410a019ed113;2000-08-22;LPI-RIWS;D2;5ea9aa04f3b42;http://correc.alwaysdata.net/files/christopher.haddad@gmail.com.png;
Sepulveda;Christine;christine.sepulveda@gmail.com;8a401feaa10d8c6c163a391a529dbbd37fb90e7d7dfb0d87b4499df6ad6a0307;2003-03-11;L2-MI;B1;5ea9aa04f3f28;http://correc.alwaysdata.net/files/christine.sepulveda@gmail.com.png;
Macron;Jean-Francois;jean-francois.macron@gmail.com;bd699f4dbbae93b103eea80830c8eb4805ee75b512a5eb78fadf6258e68969ba;2002-02-11;L2-MI;B1;5ea9aa04f430d;http://correc.alwaysdata.net/files/jean-francois.macron@gmail.com.png;
Hallyday;Martin;martin.hallyday@gmail.com;c1608aeac75479c7c96db7c07a20e903f05603de824b0b0f31c1cabd3209c691;1999-07-10;L1-MIPI;A1;5ea9aa04f46f3;http://correc.alwaysdata.net/files/martin.hallyday@gmail.com.png;
Moss;Louis;louis.moss@gmail.com;34f709b8d241ac16e56867667d857a5dd1043e9ff7e80f9e613a57d90128eb23;1995-12-29;LP-RS;C2;5ea9aa04f4ad8;http://correc.alwaysdata.net/files/louis.moss@gmail.com.png;
Calvet;Paul;paul.calvet@gmail.com;e28db145c21a1a1ab058a85e18eb42037bba27ad3e1a9ed7c058e147c2bd7c8f;1996-11-17;L2-MI;B2;5ea9aa04f4ebd;http://correc.alwaysdata.net/files/paul.calvet@gmail.com.png;
Marley;Bob;bob.marley@gmail.com;5f94478b1efd780f88f236f9dc8f3af1fa1fb4d9a17eede8c91879697e78e490;1997-10-19;L2-MI;B1;5ea9aa04f52a2;http://correc.alwaysdata.net/files/bob.marley@gmail.com.png;
Marley;Merle;merle.marley@gmail.com;5b554964d3f56336210076f57eb713a59ed520910945549042e391966ac64bf0;1997-12-02;L2-MI;B1;5ea9aa04f5688;http://correc.alwaysdata.net/files/merle.marley@gmail.com.png;
Auriol;Eden;eden.auriol@gmail.com;bb724ca9e87366784947ddebe33d55dca951e1553d9f236fefcf0f16ff138d06;1999-02-24;LP-RS;C2;5ea9aa04f5a6d;http://correc.alwaysdata.net/files/eden.auriol@gmail.com.png;
Millerand;Jacque;jacque.millerand@gmail.com;3380192e786078a117a57e827de7fa134814c4263f8d06a318c6dd1d63b63c7a;1996-09-02;LP-RS;C1;5ea9aa04f5e52;http://correc.alwaysdata.net/files/jacque.millerand@gmail.com.png;
Meyer;Georges;georges.meyer@gmail.com;9edbae876946757031eb5e427aad4c59fa259346bd56e05c91faddaccfedba0c;2003-06-04;LP-RS;C2;5ea9aa04f6239;http://correc.alwaysdata.net/files/georges.meyer@gmail.com.png;
Haddad;Joel;joel.haddad@gmail.com;ec895ee9ac65819c1802881b2c719d6283bba87a57d735da4c42cb89edcc0ccc;2002-10-14;L1-MIPI;A1;5ea9aa04f661e;http://correc.alwaysdata.net/files/joel.haddad@gmail.com.png;
Bazin;Elene;elene.bazin@gmail.com;b23cd65c7587fd0e6c76d3712ccff84223dbf7a6c985ca8d66a3c6687715560a;1996-12-06;L1-MIPI;A2;5ea9aa04f6a02;http://correc.alwaysdata.net/files/elene.bazin@gmail.com.png;
Faure;Jean-Francois;jean-francois.faure@gmail.com;98a65db18936affab0c5708e70e7fd6dd16893d88e24d3acd3c973d7c1ef10e9;2003-09-02;LPI-RIWS;D1;5ea9aa04f71cd;http://correc.alwaysdata.net/files/jean-francois.faure@gmail.com.png;
Cesarini;Benjamin;benjamin.cesarini@gmail.com;d1efe10046a337c71ff01bddceefdafe29afe487463242b417e56aa239a111ae;2000-11-15;LP-RS;C1;5ea9aa04f71cd;http://correc.alwaysdata.net/files/benjamin.cesarini@gmail.com.png;
Fallieres;Serge;serge.fallieres@gmail.com;ec93b02ac1ccf369ed4ccbfce08fc77e9fa1e9d2eefef29ddd3caca5bf74e674;1996-08-09;L2-MI;B1;5ea9aa04f75b2;http://correc.alwaysdata.net/files/serge.fallieres@gmail.com.png;
Lee;Sophie;sophie.lee@gmail.com;bfd9d2df754ad6e93a8a9dd6ffaee42b65421ff6f72766f504b11104aedd6b93;1997-08-16;L2-MI;B1;5ea9aa04f7998;http://correc.alwaysdata.net/files/sophie.lee@gmail.com.png;
Loubet;Tiara;tiara.loubet@gmail.com;ba654417a1c60a458f9be65487dd4b6857a9736b7c9c64340ea1320ec6198094;2003-02-06;L1-MIPI;A1;5ea9aa04f8162;http://correc.alwaysdata.net/files/tiara.loubet@gmail.com.png;
Calvet;Clemence;clemence.calvet@gmail.com;67cf9b0d84a21ca52eaa9bf40e20b9ceaa20b78b83c4948b7b69c31da147e70e;2001-09-27;L1-MIPI;A2;5ea9aa04f8548;http://correc.alwaysdata.net/files/clemence.calvet@gmail.com.png;
Nahon;Bob;bob.nahon@gmail.com;0331bb2b0b77d6fe6cde8fd6744c47f5bc6c2caf2336b9387b23c68334d734c4;1995-03-02;LP-RS;C1;5ea9aa04f892d;http://correc.alwaysdata.net/files/bob.nahon@gmail.com.png;
Auriol;Robin;robin.auriol@gmail.com;ec2ccb3bce4a12a1426d4d9c424da7a3ddab63719ea85afc8fbc17305168c7ec;1999-08-06;L2-MI;B1;5ea9aa04f8d13;http://correc.alwaysdata.net/files/robin.auriol@gmail.com.png;
Raetz;Ariana;ariana.raetz@gmail.com;8a88f54828cb04be4a87543c9a48b68e6726268d1aabafca8e0a985cd80ab1a5;2000-08-23;LPI-RIWS;D2;5ea9aa04f8d13;http://correc.alwaysdata.net/files/ariana.raetz@gmail.com.png;
Lee;Francois;francois.lee@gmail.com;c0e639d127bb1612f5c8970046dc544d25b9fcd45da24fd8957e212e948e0957;1999-06-23;L1-MIPI;A1;5ea9aa04f90f8;http://correc.alwaysdata.net/files/francois.lee@gmail.com.png;
Garcin;Claire;claire.garcin@gmail.com;c2c3b37557938cf5454d833002585c0b17044758d2e5cfb2a31f03d3e4d29545;2003-09-17;LPI-RIWS;D2;5ea9aa04f94dd;http://correc.alwaysdata.net/files/claire.garcin@gmail.com.png;
Drucker;Bob;bob.drucker@gmail.com;81a3bf2b058db91f5e6fa82f0d46b8eee4a70ce1d4904f43f4334b55da5b89ea;1998-05-01;LP-RS;C1;5ea9aa04f9ca9;http://correc.alwaysdata.net/files/bob.drucker@gmail.com.png;
Benichou;Clemence;clemence.benichou@gmail.com;0b45b3082950e9d3cac5c0686943598caedca6b8457a595638bfc5ce336b1708;1996-09-02;LP-RS;C2;5ea9aa04fa08d;http://correc.alwaysdata.net/files/clemence.benichou@gmail.com.png;
Calin;Marine;marine.calin@gmail.com;0ed8a0b7fce69482fc6de848bad2eb8661091b9151ec478a48f73303a093c886;2001-10-13;L2-MI;B2;5ea9aa04fa473;http://correc.alwaysdata.net/files/marine.calin@gmail.com.png;
Deschanel;Marie;marie.deschanel@gmail.com;bf2bd7515a9b2be9c3c67dd661d9457d1de9bda91ffe26bfe341cd8545fcb41e;1998-01-26;L2-MI;B2;5ea9aa04fa858;http://correc.alwaysdata.net/files/marie.deschanel@gmail.com.png;
Coty;Maurice;maurice.coty@gmail.com;73a368c0dfe873b155bfe1f000470adb8578e5d2721a2fae0391d7b999bb0da8;1999-02-13;L1-MIPI;A1;5ea9aa04fac3d;http://correc.alwaysdata.net/files/maurice.coty@gmail.com.png;
Prine;Stirling;stirling.prine@gmail.com;ad22239e2071fd31dc41aae59511d4bbb4015d4e9035e550a79464a4db631676;1997-12-27;L1-MIPI;A2;5ea9aa04fb023;http://correc.alwaysdata.net/files/stirling.prine@gmail.com.png;
Whittingham;Merle;merle.whittingham@gmail.com;c7d7115adbdf34a2d9582c54240a99ac8991adc3b6a904b80a2403f3c4160477;2002-12-22;LP-RS;C1;5ea9aa04fb408;http://correc.alwaysdata.net/files/merle.whittingham@gmail.com.png;
Thiers;Bernard;bernard.thiers@gmail.com;3337e5cd014083f34ec5128e1018290a76076963c5c0122f53c549ad07f12997;2002-11-27;L1-MIPI;A2;5ea9aa04fb7ed;http://correc.alwaysdata.net/files/bernard.thiers@gmail.com.png;
Barrier;Bernard;bernard.barrier@gmail.com;96278cd4b26ffd6308304cd646bd1c25e749e0ca170073d18df7b944fcbba415;1996-08-27;LP-RS;C1;5ea9aa04fbbd2;http://correc.alwaysdata.net/files/bernard.barrier@gmail.com.png;
Nahon;Theophane;theophane.nahon@gmail.com;709e6af2d76377c6bef5225f0f817f1e70fadf6787b7cda622d8ec9eea5cd0d8;2001-12-10;L2-MI;B2;5ea9aa04fbfb7;http://correc.alwaysdata.net/files/theophane.nahon@gmail.com.png;
Moss;Christophe;christophe.moss@gmail.com;6700ebd0030afb0cfde461c01ac065d816f1f8a999263fb56c26e65366000eb3;1998-05-24;L2-MI;B1;5ea9aa04fc39d;http://correc.alwaysdata.net/files/christophe.moss@gmail.com.png;
Hollande;Martin;martin.hollande@gmail.com;747a29fb4cb7c6d6c591e654313f604200ab985dc2bc3ceea9f44a6696af969e;2001-07-24;L1-MIPI;A2;5ea9aa04fc782;http://correc.alwaysdata.net/files/martin.hollande@gmail.com.png;
Fallieres;Eden;eden.fallieres@gmail.com;a11f4a84fe127efd38d095adc723c22c389e9077a335b98384614c2f84406258;1999-10-18;L1-MIPI;A1;5ea9aa04fcb68;http://correc.alwaysdata.net/files/eden.fallieres@gmail.com.png;
Marsalis;Quentin;quentin.marsalis@gmail.com;b804fea79ffed666dbc6675884c775e602664888799d3cb7daa54b0299079fb8;1996-12-26;LP-RS;C2;5ea9aa04fcf4d;http://correc.alwaysdata.net/files/quentin.marsalis@gmail.com.png;
Hugo;Killian;killian.hugo@gmail.com;4bc69affffb309ff35516f3820f8f59e61249436f3e297a2a5d8cacc722ad986;2000-11-21;LP-RS;C1;5ea9aa04fd333;http://correc.alwaysdata.net/files/killian.hugo@gmail.com.png;
Marley;Stirling;stirling.marley@gmail.com;c3039865e63558b26a523d74c95fa8506b321ddceaba1bcbc2f1f98d24bc813f;1995-11-29;L2-MI;B1;5ea9aa04fd718;http://correc.alwaysdata.net/files/stirling.marley@gmail.com.png;
Auriol;Jacqueline;jacqueline.auriol@gmail.com;7d7386f131a75eddb8ab719efe48afb537046daf642fca4320947422d0493309;1997-12-03;L2-MI;B1;5ea9aa04fdafd;http://correc.alwaysdata.net/files/jacqueline.auriol@gmail.com.png;
Benichou;Jacque;jacque.benichou@gmail.com;aba09421b18568fc9478443df24c73c787441ad83e8373ab5b3ceb07116fce9a;2002-05-26;LPI-RIWS;D1;5ea9aa04fdee3;http://correc.alwaysdata.net/files/jacque.benichou@gmail.com.png;
Coty;Chrisitina;chrisitina.coty@gmail.com;2aa1e611ffc5b514c03cf6f9c269a52c0f0d04f3b55b07d954423f39db46dcbf;2000-10-27;LP-RS;C2;5ea9aa04fe2c8;http://correc.alwaysdata.net/files/chrisitina.coty@gmail.com.png;
Nahon;Thibault;thibault.nahon@gmail.com;21a21b8d9de2b6f984a45c7a0f43b98a489a2adb249f4771ca1ded4a45a3584d;1996-12-21;LPI-RIWS;D1;5ea9aa04fe6ad;http://correc.alwaysdata.net/files/thibault.nahon@gmail.com.png;
Marsalis;Jacqueline;jacqueline.marsalis@gmail.com;113dbf3f5f3f38c1162af9bf73627f5d99b773095f91e67aceda89972d0b13e2;1999-06-22;LPI-RIWS;D2;5ea9aa04fea92;http://correc.alwaysdata.net/files/jacqueline.marsalis@gmail.com.png;
Rosny;Benjamin;benjamin.rosny@gmail.com;641fbdc67934633927f565b8562c25210c48d73bc5dbc8444eef328d1047e66a;2003-04-12;L2-MI;B2;5ea9aa04fee78;http://correc.alwaysdata.net/files/benjamin.rosny@gmail.com.png;
Calvet;Serge;serge.calvet@gmail.com;1982727f018939af3ac22f12563dc586e1ac5a4426a15eca420056b91edac02c;1997-07-30;LP-RS;C1;5ea9aa04ff25d;http://correc.alwaysdata.net/files/serge.calvet@gmail.com.png;
de Gaulle;Emmanuel;emmanuel.de gaulle@gmail.com;1321112e089330a889e0b179989cecc3a9c95672fe75ea1ec00bab5de2b89742;1997-09-23;LPI-RIWS;D1;5ea9aa04ff643;http://correc.alwaysdata.net/files/emmanuel.de gaulle@gmail.com.png;
Sarkozy;Remi;remi.sarkozy@gmail.com;2c65534661619d22aa4f143cbda3f72046d6e1c792228ad1d1f9fcb612a2103f;1998-09-06;L1-MIPI;A2;5ea9aa04ffa28;http://correc.alwaysdata.net/files/remi.sarkozy@gmail.com.png;
Thiers;Patrick;patrick.thiers@gmail.com;4f3f095eb01b098ca70cf73771c54f6833633777c0d658eaf0b465a76f0543ef;1995-04-16;LPI-RIWS;D1;5ea9aa04ffe0d;http://correc.alwaysdata.net/files/patrick.thiers@gmail.com.png;
Auriol;Luis;luis.auriol@gmail.com;bd1f54f759b36af844c36f208f0865e658c7871260d8037d7da0a7b52ebdec65;2001-06-09;L2-MI;B1;5ea9aa041f2;http://correc.alwaysdata.net/files/luis.auriol@gmail.com.png;
Loubet;Bob;bob.loubet@gmail.com;f0828e023aa8b2988a135e4f20cbd63676c9b2506a920796dbd91fe036959564;1996-08-30;LP-RS;C2;5ea9aa045d7;http://correc.alwaysdata.net/files/bob.loubet@gmail.com.png;
Mitterrand;Benjamin;benjamin.mitterrand@gmail.com;110706748ad6cc0ed05d1c9ecc35b037d655fcf8e2e788e553c751f529f6657b;1996-11-26;LPI-RIWS;D1;5ea9aa049bd;http://correc.alwaysdata.net/files/benjamin.mitterrand@gmail.com.png;
Bazin;Louis;louis.bazin@gmail.com;5be428569c89445d1477b51a84ff460f2bf081a33e6d64f16b019fb7d780b922;1999-02-09;LPI-RIWS;D2;5ea9aa04da2;http://correc.alwaysdata.net/files/louis.bazin@gmail.com.png;
Millerand;Nour;nour.millerand@gmail.com;f0ac65bbb04c7e96096c3abe133bd9da894ea83b697eb19e9ba2eda2788e4775;1996-10-06;LP-RS;C1;5ea9aa041188;http://correc.alwaysdata.net/files/nour.millerand@gmail.com.png;
Auriol;Theophane;theophane.auriol@gmail.com;4aa9814a358769ae3e16ca219829a0bfac641a1c7b180ecf5ad6e1721271416a;1997-08-27;L1-MIPI;A1;5ea9aa04156d;http://correc.alwaysdata.net/files/theophane.auriol@gmail.com.png;
Coty;Elene;elene.coty@gmail.com;bf3f9b15ee55d00e1ebdc90ba149b0b5879ddb7a5783dd7d4c4ed2b2c4890f71;1999-02-02;LP-RS;C1;5ea9aa041953;http://correc.alwaysdata.net/files/elene.coty@gmail.com.png;
Macron;Marie;marie.macron@gmail.com;2918e7af2b544f24bfc44df3535fd94c00cf240804d195d3918a87c30aecf04e;2001-12-30;LP-RS;C1;5ea9aa041d38;http://correc.alwaysdata.net/files/marie.macron@gmail.com.png;
Barrier;Christophe;christophe.barrier@gmail.com;e95a2fa95ef4161e55fae6d0687ee5a4f0369f1c40b7964c79ee8293122be0f3;1997-04-25;L2-MI;B2;5ea9aa04211e;http://correc.alwaysdata.net/files/christophe.barrier@gmail.com.png;
Deschanel;Francois;francois.deschanel@gmail.com;ab9fa45dcaf7e97cd39e793f768c631f8a473a4d57141be9a6a45618f66fc573;1996-05-11;L1-MIPI;A1;5ea9aa0428e8;http://correc.alwaysdata.net/files/francois.deschanel@gmail.com.png;
Moss;Christopher;christopher.moss@gmail.com;455b200510a0a95edddf432ee052e9146cf83f05a244580a0782866b9412ba7b;1995-03-11;LP-RS;C1;5ea9aa042ccd;http://correc.alwaysdata.net/files/christopher.moss@gmail.com.png;
Casimir-Perier;Patrick;patrick.casimir-perier@gmail.com;89e9ad573840f73697433d27bab8eb95fc78f9105078e8b4cfaf3585fdcb4eb1;2000-08-17;LPI-RIWS;D2;5ea9aa0430b2;http://correc.alwaysdata.net/files/patrick.casimir-perier@gmail.com.png;
